MDE (₹),Cohen's d,Required N,Feasible?
25,0.13538894142710475,1715,✓
50,0.2707778828542095,431,✓
75,0.40616682428131423,193,✓
100,0.541555765708419,110,✓
150,0.8123336485626285,50,✓
200,1.083111531416838,29,✓
