Segment,Count,% of Total,Mean CATE (₹),Mean Baseline (₹),Mean True τ (₹),Mean Monetary (₹),Mean Frequency
Persuadables,9529,47.644999999999996,185.41354971620848,833.1537016232647,184.79588624199812,1249.651026684421,4.3629971665442335
Sure Things,7593,37.964999999999996,161.63989758830064,943.425525141929,154.36718029764256,2114.81242720416,6.310417489793231
Lost Causes,2878,14.39,154.1171509051441,796.958068615757,150.0521195274496,798.579024993756,3.6824183460736624
